{
    "total_reviews": 50000,
    "sentiment_distribution": {
        "0": 44694,
        "1": 5256,
        "2": 50
    },
    "avg_review_length": 762.80566,
    "feature_stats": {
        "sentiment_score": {
            "count": 50000.0,
            "mean": 0.0966298961264038,
            "std": 0.17152888696453558,
            "min": -1.0,
            "25%": -0.006944444444444445,
            "50%": 0.0979235822828198,
            "75%": 0.2032051282051282,
            "max": 1.0
        },
        "subjectivity_score": {
            "count": 50000.0,
            "mean": 0.5256819569455611,
            "std": 0.09878474263635703,
            "min": 0.0,
            "25%": 0.4633928571428571,
            "50%": 0.5242304213352008,
            "75%": 0.5862332564778218,
            "max": 1.0
        },
        "num_words": {
            "count": 50000.0,
            "mean": 112.0719,
            "std": 86.40828512489277,
            "min": 2.0,
            "25%": 59.0,
            "50%": 83.0,
            "75%": 137.0,
            "max": 1415.0
        },
        "num_sentences": {
            "count": 50000.0,
            "mean": 1.0,
            "std": 0.0,
            "min": 1.0,
            "25%": 1.0,
            "50%": 1.0,
            "75%": 1.0,
            "max": 1.0
        },
        "avg_word_length": {
            "count": 50000.0,
            "mean": 5.768365636860493,
            "std": 0.4336569175490229,
            "min": 3.8333333333333335,
            "25%": 5.483050847457627,
            "50%": 5.762711864406779,
            "75%": 6.044943820224719,
            "max": 17.741935483870968
        }
    }
}